id,text,label,source,word_count,char_count,topic,has_emoji,has_em_dash,has_ellipsis,starts_with_verb,has_buzzwords,language,flagged,model_version,prompt_used,collection_date,instagram_account
1,JANUARY - screaming and crying and flying squirrels and laughing and family and friends and tiny friends (my friends’ kids and pets 😭💕) and advocacy and protesting and hiking soup and bed chickens and lifting heavy in the gym again and so. much. snow. Also omg I’ve completed two things on my 2026 bingo already!!!,0,human_instagram,55,314,general,yes,no,no,no,no,en,no,,,2026-03-16,blackforager
2,"OH, WE’RE SHARING 2016 PICS?? *sprints to my old tumblr* I was fresh out of school, moody as heck, and running a mildly successful blog. Also can flower crowns come back?? I’m ready!!",0,human_instagram,33,183,general,no,no,no,no,no,en,no,,,2026-03-16,blackforager
3,"Making jelly with Los Angeles lilly pillies!! Forever jealous of all the winter foraging in LA, so I’m glad I got to do a wee bit while I was there for like 48hrs 😆 also shoutout to america’s pod father @alieward for gathering berries on the red carpet with me like a true friend!!! And to @keith_lee125 for still being nice to me even when I’m a lil free fruit gremlin at events!",0,human_instagram,73,380,general,yes,no,no,no,no,en,no,,,2026-03-16,blackforager
4,"Was this year ROUGH? Yes. But did I also travel, get to see lots of friends and family, pick up a few new hobbies, rescue and foster two cats, see my chemical romance, be on @dropouttv twice somehow (lol some folks in the subreddit do NAWT like me 😆), raise Luna moths for the first time, lead a plant walk with my FriendHero Sam Thayer, defend native plant gardens in front of city council, make the TIME100 creators and NatGeo’s 33, make actual longform content FINALLY, take some sick bird pics, and not order delivery food for a whole year? Also yes. Also almost got chased off a mountain by bighorn sheep 🏔️😊 I’m VERY ready for 2026, but 2025 gave me some nice things to be thankful for.",0,human_instagram,129,692,nature,yes,no,no,no,yes,en,no,,,2026-03-16,blackforager
5,"WOO, FERMENTED SODAS 🫧🌲 (ALSO omg pls burp yer soda once a day once u put the lid back on lest it explode ☺️) ((also also yes, this is a throwback. in all transparency a friend of mine passed away super suddenly and im having a bit of a rough time, so i went into the archives. Hope that’s okay ❤️‍🩹))",0,human_instagram,61,301,general,yes,no,no,no,no,en,no,,,2026-03-16,blackforager
6,How to make thread out of dogbane sticks! By someone who is just alright at making thread out of dogbane sticks! Feel free to critique literally any part of this! Also I’ve gotten so much fibercraft inspiration from folks like @kerstin.neumuller @eveoschaub @jillianevefa and books like “Women’s Work” by Elizabeth Wayland Barber,0,human_instagram,52,329,general,no,no,no,no,no,en,no,,,2026-03-16,blackforager
7,some thoughts about clothes from that girl who just can’t buy her food or fibers at the dang store (I debated for five whole minutes whether to use Flo Rida or Dead or Alive for this post 🎶😆 ),0,human_instagram,39,192,food,yes,no,no,no,no,en,no,,,2026-03-16,blackforager
8,"Happy Halloween, yall 🎃 from local woman who dresses like this everyday anyway 🩷🌱 Do I just have late medieval royal garb in my casual closet? … yes. Don’t you?? Here are some fave spooky day lewks from the last *checks watch* DECADE?? Do not make fun of 23 year old me as Ms Frizzle!!! 😆",0,human_instagram,56,288,general,yes,no,yes,no,no,en,no,,,2026-03-16,blackforager
9,"HOW TO EAT ACORNS! This is the number one most requested video of the last month, as yall have been watching me channel my inner squirrel and gather ALL THE ACORNS 😤🐿️ If your ancestry is from the northern hemisphere, your ancestors ate acorns! But in lieu of annual grain crops like wheat, much of the globe has forgotten the practice. Here’s that lil bit of knowledge back! Feed Us With Trees by @elspethhay (currently reading) touches on our loss of perennial tree crops, and how they could be a solution to food for us that also benefits our non-human neighbors, and I highly recommend giving it a read!!",0,human_instagram,109,608,food,yes,no,no,no,no,en,no,,,2026-03-16,blackforager
10,"WENT TO NEW YORK FOR CLIMATE WEEK. WORE SOME CLOTHES. TOOK A TODDLER TO A THREE MICHELIN STAR RESTAURANT. HE LOVED THE HOUSE MADE SILKEN TOFU (so did i) A STRANGER PINCHED MY BUTT AFTER A DRAG SHOW AND IMMEDIATELY A GIRL GANG MATERIALIZED, READY TO KICK HIS BUTT. A REUNION WITH THE MUCH COOLER ALEXIS. I AM NOW VERY TIRED. CONCRETE JUNGLE WET DREAM TOMATOOOOOOO 💃🏾🎶",0,human_instagram,67,366,general,yes,no,no,no,no,en,no,,,2026-03-16,blackforager
11,"MY YEARLY CRABAPPLE PSA 🍎 (Also thank you so much for the love, yall 🩷 I really appreciate your kindness and support during this rough time for my family ❤️‍🩹)",0,human_instagram,30,159,general,yes,no,no,no,no,en,no,,,2026-03-16,blackforager
12,"No one tell my mom how close I was to a bear shh 🤫 GLACIER NATIONAL PARK ROUNDUP When @zoandbehold and @erininthemorning invite you to Montana, you GO! Twas a week of gorgeous vistas, amazing wildlife sightings, sore feet, and full hearts!! Also wow also don’t tell my mom I’m still really bad at taking pictures of the humans on vacation (but I’m GREAT at taking fifteen pictures of every single animal) Also omg if a long line of bighorn sheep are heading up the trail you’re heading down u should probs just run away 😅 which we did right when the impasse video cut!",0,human_instagram,105,568,food,yes,no,no,no,no,en,no,,,2026-03-16,blackforager
13,"BLUE MUSHROOM ALERT 🚨 meet Lactarius indigo, the indigo milkcap!! I put these in a pot with some boiling brine and the chanterelles we found today for about 6-7 mins, and put them into a jar bound for the fridge! They should keep for a month! … if I don’t eat them all first 😆",0,human_instagram,55,276,food,yes,no,yes,no,no,en,no,,,2026-03-16,blackforager
14,Let's snack on some wild mushrooms! These are the FRESHEST Black-Staining Polypore (Meripilus sumstinei) and Berkeley's Polypore (Bondarzewia berkeleyi) i've ever found! My lucky day! Let's make pâté! Hip hip hooray! Shoutout to @tmgastronaut for the guidance and @jbdouglas.food for putting up with me making a video during our photoshoot!,0,human_instagram,50,340,food,no,no,no,no,no,en,no,,,2026-03-16,blackforager
15,Your favorite dinosaur NEVER ate a red delicious apple… but maybe that’s for the best 😆 for WAY more exciting dino factoids catch BRAND NEW EPISODES of WALKING WITH DINOSAURS on the @pbs app! I’ve only been waiting for this for 2.5 decades 🦕,0,human_instagram,44,241,food,yes,no,yes,no,no,en,no,,,2026-03-16,blackforager
16,"AHEM, sorry, 3.3 Million acres would be definite… 250 MILLION could be possible 🤯 According to the Wilderness Society, the data reveals that more than 250 million acres — roughly equivalent to the land mass of Texas, California and New York combined — could technically qualify for sale, despite Utah Republican Mike Lee’s claim that only “underused” parcels would be able to be sold. It’s also important to acknowledge that this wouldn’t even be able to happen if land was returned to indigenous ownership and stewardship (#landback) West coast friends, we won’t let yall down ✊🏾💚",0,human_instagram,96,581,general,yes,yes,yes,no,no,en,no,,,2026-03-16,blackforager
17,"32 had some of the highest highs and lowest lows, reminding me somewhat constantly that we only feel grief because we were lucky enough to experience love and connection. Never in my life have I felt luckier to have the friends and family I do, who are a source of so much love, light, and laughter as we all figure out this silly wonderful tragic beautiful life 💚 I’m ready for you, 33 🎂🌸☘️🐛✨",0,human_instagram,74,393,general,yes,no,no,no,no,en,no,,,2026-03-16,blackforager
18,"Ah, time to be a joyful killjoy 😆 ALSO there’s some debate as to whether it’s Hemlock or Cow Parsley (I still am leaning 65/35 in hemlock’s direction 🤓 I found an identical branching pattern on a Conium in my neighborhood today!) but SAFTEY is the most important thing regardless 💚🌸",0,human_instagram,51,282,general,yes,no,no,no,no,en,no,,,2026-03-16,blackforager
19,"FIG LEAF SYRUP CAKE 🍰 - ft @samreich @danielle_radford @danika.lyle @kateinreallife @psrobalino @elewoods55 and @jordanmyr1ck and also me I guess! The whole video is on YT because IG doesn’t play nice with longer videos so if u want more sillies, that version’s for you 😘",0,human_instagram,45,271,general,yes,no,no,no,no,en,no,,,2026-03-16,blackforager
20,I lost my voice so here’s a dump of thoughts and fits that folks have asked about!! Time to bust out the citrus cheong because BOY GOLLY my enjoyment of life decreases went I can yap!!!!!!!!,0,human_instagram,36,190,general,no,no,no,no,no,en,no,,,2026-03-16,blackforager
21,"HOW TO HAVE THE BEST, MOST PLANT-TASTIC TRIP TO TUCSON 💚 A huge thank you again to Dave and the whole @visittucson gang, and to @fonz_520 for being the best trip buddies a nerd could ask for! And shout out to the amazing people and businesses we were lucky enough to visit: @borderlandsplants @sanxaviercoop @flowers_and_bullets @yoliabotanica @batatucson @muralhousetucson @cerestucson @missiongarden",0,human_instagram,60,401,travel,yes,no,no,no,no,en,no,,,2026-03-16,blackforager
22,HOT MERMAIDWEED IS SO DANG GOOD - I still can’t believe I never knew about this lil guy until Sam Thayer introduced me to it a couple years back! It’s everywhere here!!,0,human_instagram,32,168,general,no,no,no,no,no,en,no,,,2026-03-16,blackforager
23,"For millennia, foraging was a vital source of sustenance, and Alexis Nikole Nelson is helping communities reclaim the tradition. It's a practice that connects us to our ancestors and the plants they might have foraged, making it a timeless pursuit. We're proud to recognize Alexis as a #NatGeo33 honoree for sharing educational nature content and handy foraging tips with her audience. Learn more about her work and the Nat Geo 33 at the link in bio. Alexis Nikole Nelson, photographed by @djeneba.aduayom in Hundred Acre Wood Metro Park, outside Columbus, Ohio. In homage to our 33 founders, we're proud to introduce the National Geographic 33—an initiative honoring a new generation of global trailblazers who are making a profound impact on conservation, science, policy, storytelling, and beyond.",0,human_instagram,126,800,nature,no,yes,no,no,no,en,no,,,2026-03-16,blackforager
24,"BARREL CACTUS (Ferocactus wislizeni) FRUIT TIME! And a @fonz_520 SIGHTING! It’s always a treat to visit the southwest when these tart lil fruits are in season! Part of the current and historic foodways for a MYRIAD of tribal nations like the Yaqui and the Tohono O’Odham (who’s ancestral lands I’m visiting right now with he literal angels on the @visittucson team!!), the flesh is tart and a lil slippy in that way that nopales are, too! The seeds are roasted and ground to flour (though the birds like em as is! 💚) I’m gonna try germinating a few seeds at home so I can have a little desert with me, aaaaaalllll the way in Ohio!",0,human_instagram,115,630,food,yes,no,no,no,no,en,no,,,2026-03-16,blackforager
25,I AM HAVING SO MUCH FUN IN THE DESERT AND I ONLY JUST GOT HERE 😭🩷🌵 Getting to see species that I’d previously only read about is always a magical experience ✨ Add in a sunset so pretty cameras can’t fully catch it? That’s a recipe for Alexis Tears 🥹 I can’t wait to see what the rest of the week has in store!!,0,human_instagram,64,310,food,yes,no,no,no,no,en,no,,,2026-03-16,blackforager
26,Want a cathartic way to give back to your local ecosystem? Try curb-stomping your invasive species! Your local flora (who compete with them for resources) and fauna (who haven’t evolved to eat or otherwise use them) will say thank you! OR! don’t! I can’t tell you what to do! I’m not your mom!,0,human_instagram,53,293,food,no,no,no,no,no,en,no,,,2026-03-16,blackforager
27,"It’s delicious, nutritious stinging nettle season again!! One of my fave greens (that I also use in my hair care routine!!) and this is one of my fave ways to introduce people to them!! Cooking or breaking the lil pokey trichomes stops the sting, in case anyone was wondering! No pain, just savory goodness!",0,human_instagram,54,307,food,no,no,no,no,no,en,no,,,2026-03-16,blackforager
28,Posting this from my sickbed as this very (seemingly ETERNAL) tuft of Allium vineale taunts me outside the window 🤣 hope yall don’t mind a lil earworm throwback 🧅 🧄,0,human_instagram,30,164,general,yes,no,no,no,no,en,no,,,2026-03-16,blackforager
29,"☝️TONIGHT! An all-new Um, Actually launches on Dropout at 7pm ET / 4pm PT! Starring host Ify Nwadiwe, fact checker Brian David Gilbert, and contestants Alexis Nikole Nelson, Thomas Sanders, and Brian Furey Morabito! #umactually #dropout",0,human_instagram,36,236,general,no,no,no,no,no,en,no,,,2026-03-16,blackforager
30,"THEY’RE BACK AT LONG LAST!! 🫧 You all loved the scents of my SOLD OUT collection with @blueland so much we had no choice but to bring them back!! Cure your winter blues and bring my favorite scents of summer foraged ingredients to your sink: Beach Rose, Juneberry Basil and Lilac Clove. RUN don’t walk to blueland.com (or use the link in my bio!!!)",0,human_instagram,64,348,general,yes,no,no,no,no,en,no,,,2026-03-16,blackforager
31,"THE SEASON OF FRESH GREENS BEGINS! With a plant friend that traveled an awfully long way to be here: Fukinoto! The whole video I made (with two recipes!!) was 9mins long so I posted it to ye olde y0utube, but I had to share some of the fun over here on IG, too!",0,human_instagram,53,261,food,no,no,no,no,no,en,no,,,2026-03-16,blackforager
32,"I filmed this in the beginning of May and never posted it, but the difference between these two plants has come up a BUNCH in my comments since then, so I pulled this out of the tiktok drafts nethersphere!",0,human_instagram,39,205,general,no,no,no,no,no,en,no,,,2026-03-16,blackforager
33,"EATING (onion)GRASS, freshly cut with my Huntsman Swiss Army Knife. @victorinoxnorthamerica gave me one with my handle on it 🥹 which reminds me!! If you’re still looking for gifts (like I am), a personalized SAK is a pretty useful one! Especially if your loved one is a lil forest gremlin like me 😆 #MyVictorinox #MadeToBePrepared",0,human_instagram,55,330,nature,yes,no,no,no,no,en,no,,,2026-03-16,blackforager
34,"I’m one lucky gal 💗 The people, pets, adventures, and sights that have filled my cup lately. I don’t know how i ended up with all these kind, smart, hilarious people around me!! Also some outfits I liked!!! Also some thoughts I thought!!!",0,human_instagram,43,238,travel,yes,no,no,no,no,en,no,,,2026-03-16,blackforager
35,"Shouting out a native food, and also shout out to the Indigenous Americans who stewarded and bred pumpkins and gourds for millennia so that we can enjoy so many different kinds today!",0,human_instagram,32,183,food,no,no,no,no,no,en,no,,,2026-03-16,blackforager
36,"Feeling very deeply sad. Some thoughts and some memes and also I downloaded a gameboy emulator to play some old games that keep making me almost feel like none of this has happened, and I’m a hopeful lil 11 year old again.",0,human_instagram,42,222,general,no,no,no,no,no,en,no,,,2026-03-16,blackforager
37,"MILAN PICS ✨ magical cocktails, mystery speakeasies, cloudy absinthe, the smallest bar this side of the world, fashion for days, ART WORMS, accidental lovely meetings (@pojo how did we not get a pic together??? 😭), friendship, vegan cheese, cathedrals, the best olives i have EVER HAD (@magcafe pls pls pls tell me how to get them 🙏🏾) and PIGEONS!!",0,human_instagram,59,348,general,yes,no,no,no,no,en,no,,,2026-03-16,blackforager
38,Ciao from Torino!! I’m here for Terra Madre as a US delegate with @slowfoodusa and I’m HAVING TOO MUCH FUN FINDING ALL THE TURTLE ISLAND PLANTS THAT HAD MADE IT HERE 💖💖💖 would yall like more “now how did this get here?!” posts when I’m traveling?,0,human_instagram,46,246,food,yes,no,no,no,no,en,no,,,2026-03-16,blackforager
39,🍇 the best grape jelly i've ever had or made! with WILD GRAPES 🍇 also GRAPHICS?? CAMERA WORK?? ANIMATIONS?? who is she??? (i s2g if this flops i will be okay in a few days but i will cry first !! lololol),0,human_instagram,42,204,general,yes,no,no,no,no,en,no,,,2026-03-16,blackforager
40,A lil self love and also VERY CUTE BIRDS (Thank u x 100000 @nepeteaa for taking me birding with youuuuuuuuuu) ((I’m having so much fun filming for seaweed week 2k24 😆 I can’t wait for yall to see the silliness!)),0,human_instagram,40,212,general,yes,no,no,no,no,en,no,,,2026-03-16,blackforager
41,"Milkweed cordial! It’s finally time!! 🩷 Made with the flowers of Common Milkweed (Asclepias syriaca), this lightly fermented and fizzy beverage tastes the way milkweed smells: floral, fruity, with a dash of a warm summer’s day! I also turned some of the cordial into syrup (which I canned) so I can crack open a little bit of summer in the dead of winter 🌸✨",0,human_instagram,64,357,general,yes,no,no,no,no,en,no,,,2026-03-16,blackforager
42,"I found a few late bloomers on my hike today, so I had to make some cattail on le cob (name courtesy of @giantdaughter 🌾✨) the pollen is also edible, but I didn’t have a proper tasty dust receptacle on hand! 🤣",0,human_instagram,42,209,general,yes,no,no,no,no,en,no,,,2026-03-16,blackforager
43,"PINCH ME!!!! 🥹🫧 My FIRST EVER COLLECTION with @blueland is finally here!! It’s been a wild year and half—from smelling countless samples to picking the colors for the tin and flying all the way to North Carolina for a photoshoot in the flower meadows of Asheville, we’ve put so much love and energy into creating three limited edition scents that truly embody the joy of foraging. Foraging is more than just gathering and eating plants. It’s an act of gratitude, connection, and a reminder that it’s up to us to take care of the planet and appreciate nature’s gifts. I’m so excited to finally share this with you all and after almost two years of secrets finally get to say..... SHOP THE FORAGED COLLECTION ON www.blueland.com!!! (or use the link in my bio) 💛",0,human_instagram,134,759,nature,yes,yes,yes,no,no,en,no,,,2026-03-16,blackforager
44,My fiancé’s brother asked if I was going to see ICP so 🙃😆 I feel like I never share my weird non plant vids on here but this was too silly to not share!!,0,human_instagram,34,153,general,yes,no,no,no,no,en,no,,,2026-03-16,blackforager
45,"Crimson clover jelly is easy to make, and tastes so dang LOVELY! 🐝 🌺 It has a more fruity flavor profile than its very common cousins, white and red (cough cough PINK) clover, and has a song written about it! Which gives me an excuse to sing at you! I’m so sorry! Thank you @slough_farm_mv for having me and letting me eat your weeds!! 😆💖",0,human_instagram,65,338,food,yes,no,no,no,no,en,no,,,2026-03-16,blackforager
46,"What do broccoli 🥦 , precision medicine 💊 , an atmospheric scientist 👩🏽‍🔬 and me all have in common?! We’re all a part of the Amgen Foundation’s new series, ‘But First, Science!’. Join me on this fun-filled, educational journey as we explore the impact of the Amgen Foundation through its virtual lab experiences, summer research opportunities, and state-of-the-art classroom equipment programs. You won’t want to miss it!! The first episode is LIVE ✨today✨ on AmgenFoundation.org and features a fellow science enthusiast and biology teacher (who also happens to be a big-time science content creator), Winnie Sloan. ​ The rest of the episodes will be shared on the Amgen Foundation’s LinkedIn. Follow along to learn more about these uber-impactful programs! #AmgenFoundation #ad",0,human_instagram,121,779,food,yes,no,no,no,no,en,no,,,2026-03-16,blackforager
47,"ROSEWATER CAKE FOR MY BIRTHDAY 🥳 🎂 I’m 32 today! Let’s make a cake to celebrate the inevitable passage of time!! This is based on @domestic_gothess Persian Love Cake recipe, but with a bunch of foraged twists!! We have already eaten half the cake! 😅😆💖",0,human_instagram,45,251,food,yes,no,no,no,no,en,no,,,2026-03-16,blackforager
48,"BEST BIRTHDAY GIFT EVER 😭 (my bday is the 26th!) My team at @unitedtalent got me a Pokémon portrait with my six faves!!! @rjamez.the.v this is amazing, your art style is amazing, thank you!!! 😭",0,human_instagram,35,193,general,yes,no,no,no,no,en,no,,,2026-03-16,blackforager
49,"POKE SALLET / SALLIT / SALAD - a dish that shows up in indigenous, african american, appalachian, and rural southern culture using pokeweed, phytolacca americana. Poisonous when raw, but thankfully its toxic components are water soluble and/or heat sensitive! I always loved the pokeweed plants in my Grammy and Grandad’s backyard, and once in passing they mentioned a dish from their younger years using the early shoots before they wete too dangerous to eat. It took until ny 20’s, after their passing, to finally have some poke sallet for myself and it felt like a little thread of connection being threaded between me and my grandparents, even though they’re gone 💚",0,human_instagram,111,669,food,yes,no,no,no,no,en,no,,,2026-03-16,blackforager
50,"HORSETAILS! - also while tea made from the silica-rich green shoots is consumed in many places around the world, consuming it on the regular can keep your body from processing Vitamin B1! So if you enjoy the tea, do so sparingly pls 💖💚",0,human_instagram,43,235,general,yes,no,no,no,no,en,no,,,2026-03-16,blackforager
51,"LILAC JELLY INGREDIENTS ✨🌟🌸 - 4 loosely packed cups of lilac flowers - OPTIONAL: a handful of violets for color - A smidge over 4 cups of water - 1 full pack of pectin (I used sure jell so I wouldn’t have to add lemon juice) - 5 cups of sugar And THANK YOU @oyveyitskay for the fantastic vegan challah!!! It was DREAMY all on its own, and with this jelly it sings!!",0,human_instagram,73,365,general,yes,no,no,no,no,en,no,,,2026-03-16,blackforager
52,"Virginia Bluebells, Mertensia virginica, is a spring ephemeral in the Borage family! In fact, Virginia bluebells and borage share a similar savory flavor! They truly are a magical lil guy! They emerge, put on a show, and then a few short weeks later… it’s like they were never there ✨🌱 I had fun playing around in the kitchen playing up their umami, but taming the bit of vegetal bitter (nothing crazy, not like eating a summer dandelion leaf! 🤣) The crispy leaf was based loosely off of an Indian recipe for fried Indian Borage leaves! But instead of using chickpea flour, I went for the nutty and starchy acorn flour! I know they weren’t pretty, but they were GOOD! They even passed the Geoff test 😆 Also @foragerchef has some EXCELLENT recipes on his equally excellent blog!! What spring plant should I cover next? Spring always speeds by so fast!!",0,human_instagram,150,851,food,yes,no,yes,no,no,en,no,,,2026-03-16,blackforager
53,"Fast and easy panbread ft Cow Parsnip (Heracleum maximum!) @mallorylodonnell always does such a great job talking about Pushki (one of Cow Parsnips many names!) and is really who I credit with showing me how versatile this plant can beeeee! It’s a close relative of Golpar, but we’ll talk more about that when the seeds are in season in a few months 💖",0,human_instagram,63,351,food,yes,no,no,no,no,en,no,,,2026-03-16,blackforager
54,I said I wasn’t going to make any videos while in Italy but then there was GIANT PINK SORREL (Oxalis articulata) at @nataniahoffman and @zilvinas_br’s wonderful wedding 😭💖🌸 shoutout to the beautiful moment of @fischer.tenor’s singing I managed to capture!,0,human_instagram,40,255,general,yes,no,no,no,no,en,no,,,2026-03-16,blackforager
55,"Measurements below if ya want em 🌸✨💖 My Thiccc Magnolia Syrup 1 cup water 1.5 cups sugar 4 cups of loosely packed, fragrant magnolia petals Magnolia Snap Cookies 3.25 cups all-purpose flour 1 cup vegan butter (like Earth Balance) 1.5 cups of brown sugar ¾ cups of My Thiccc Magnolia Syrup 1 tablespoon baking soda 1 tablespoon of vanilla extract (or Nocino if you have some lying around! I prefer it!) 2 teaspoons of cinnamon Sugar for rolling Optional: 1 tablespoon frozen grated magnolia petals (freeze the unopened flowers whole and grate as needed!) ALSO Optional: if you freshly made your syrup, save some of the sugary, jammy petals to roll into the center of the cookies!",0,human_instagram,117,678,food,yes,no,no,no,no,en,no,,,2026-03-16,blackforager
56,Late Winter flower arrangement using my handy and dandy @victorinoxnorthamerica Huntsman Swiss Army Knife 🌸 💐 I love that I’m constantly prepared to forage … or floral arrange! #MadeToBePrepared #ad,0,human_instagram,30,198,general,yes,no,yes,no,no,en,no,,,2026-03-16,blackforager
57,"When I was little I was taught to give a little sugar water to bumblebees who look tired. The unseasonably warm weather we’ve had in my neck of the woods is waking up all sorts (bees, turtles, ramps) before they necessarily have everything they need to be successful. These are the wee ones who get hit with the effects of global warming first, the canaries in the coal mine. So keep an eye out in the coming weeks for a being that could use a drink, or a little leaf litter mulch to hide from frost under. I know it doesn’t change things on a global scale (stares at multibillion dollar corporations and their emissions), but I know it mattered for the lil bee, if only for a few minutes 💖 just trying to be the best neighbor I can be",0,human_instagram,141,735,food,yes,no,no,no,no,en,no,,,2026-03-16,blackforager
58,"ONIONGRASS + SPORTBALL 🏈 = A TASTY TIME I made this super tasty dip using @Violifeus dairy free Cream Cheese and everyone’s favorite lil allium scamp, Oniongrass (Allium vineale!). I must confess, this recipe is bomb. This new Violife cream cheese block is bakeable and cookable which makes it versatile for any dish for all sportsball games! Click le link in bi0 for dairy free recipe swaps using Violife! Like this one! I love that this is what I get to do for my job!! happy big Sportball time to those who observe! #violifepartner PS; Fun Fact Alert: Did you know that this year’s halftime performer also really enjoys plant-based foods? He’s got great taste!",0,human_instagram,115,663,food,yes,no,no,no,no,en,no,,,2026-03-16,blackforager
59,"2023 had LOTS of good and also LOTS of bad, and lots of recognizing how lucky I am to have so many amazing people filled with so much love and passion and creativity in my life. My friends and loved ones keep me going, and are truly beyond compare. Every year my resolution is to be a person worthy of them all 💗here are some 2023 moments (a dump if u will) and here’s hoping I cry a lil or a lot less in 2024!",0,human_instagram,85,410,food,yes,no,no,no,no,en,no,,,2026-03-16,blackforager
60,"Holiday crafts are a whole heckin’ lot easier with my Huntsman Swiss Army Knife! With 15 different functions (my faves for wreath making are the scissors and the wood saw!!), I honest to goodness always have one on me when I’m out in the woods! Also HINT HINT they make a great gift! @victorinoxnorthamerica #myvictorinox #masterwithvictorinox",0,human_instagram,56,343,food,no,no,no,no,no,en,no,,,2026-03-16,blackforager
61,"#ChaseTravelPartner In Vegas, everything needs to be bold—including the airport food. I talked to @chasetravel about bringing big flavors (and pork buns) to the Chase Sapphire Lounge by The Club in Las Vegas. Get the full story at the link in bio",0,human_instagram,42,246,food,no,yes,no,no,no,en,no,,,2026-03-16,davidchang
62,"Did anyone else have a Korean grandma that would wrap potatoes in aluminum foil, roast them in a fire and then put some salt, butter and lots of sugar on it?",0,human_instagram,31,157,general,no,no,no,no,no,en,no,,,2026-03-16,davidchang
63,"Most fishing films show perfection. This one shows the truth. Let’s Make a Fishing Movie pulls back the curtain on a high-stakes fishing trip with David Chang, revealing the chaos, humor, and humanity behind the camera. It’s a look at what happens when plans fall apart — and the story takes over. Starring: @davidchang @jorgepermit @mdawesjr Premiering as part of the 2026 International Fly Fishing Film Tour @flyfilmfest Find a theater near you using the link in our bio. Made possible by these epic brands: @3birdwy @thomasandthomasflyrods @abelreels @airflofishing @chumsusa @skwalafishing Filmed and produced on location at Blacksmith Lodge in Mexico @beattie_outdoor_productions @sean_mccormick @wheretowillie @majordomomedia #LetsMakeAFishingMovie #FlyFishingFilm #FlyFishing #Fishing #DavidChang",0,human_instagram,110,803,food,no,yes,no,no,no,en,no,,,2026-03-16,davidchang
64,Japchae is a Korean holiday classic in my family. My mom always made it with thin beef strips. Today I’m making it vegan-friendly for some friends coming over to the studio. Why it’s a great holiday dish… • Deeply flavorful without being heavy • Colorful by design…looks great on the table • Best served at room temp • Easy to make ahead • Works for everyone • Can be gluten-free with tamari Drinking an ice-cold @athleticbrewing while I cook #ad,0,human_instagram,80,446,food,no,no,yes,no,no,en,no,,,2026-03-16,davidchang
65,"DAVID² 🙋🏻‍♂️🙋🏻‍♂️ Flew to LA to teach a food film course with the one and only @DavidChang at Majordomo🍊 as part of a special event hosted by @applenews & @foodandwine. Chef David debuted two new recipes and I shared some camera tips for shooting cinematic video on the iPhone17 with a talented group of creators and friends. Big hugs to @thelfeid, Chef Marc Johnson & the staff at @majordomola, @foodandwine and ofc my @apple fam 💙 #shotoniphone #soip",0,human_instagram,78,452,food,yes,no,no,no,no,en,no,,,2026-03-16,davidchang
66,"The DTL kitchen got a little brighter thanks to @elmo! ❤️ Come back anytime, friend! Watch Elmo surprise @davidchang during Dinner Time Live’s 50th episode celebration right NOW only on @netflix .",0,human_instagram,32,196,general,no,no,no,no,no,en,no,,,2026-03-16,davidchang
67,"50th episode of dinner time live! A celebration and Gift-mas!! Cooked some steaks, shaved some truffles, did a little pig-bladder bird situation, added a little caviar to Bianco’s pizza. Elmo didn’t seem phased. Uncle Ted gave us a bigger food budget for this one, so we tested some experiments, explored umami with Mark, and made Sean a celebratory meal with absolutely nothing spicy. After the show…Mark brought his mom’s famous chocolate chip cookies and they were demolished. So good If you missed last night’s live episode it’s steaming now on Netflix. 🙏 @seanseaevans @markrober @sesamestreet @elmo @dinnertimelive @netflix @chrisyingz @pizzeriabianco",0,human_instagram,100,657,food,yes,no,yes,no,no,en,no,,,2026-03-16,davidchang
68,"Dear Philly, Thank you for an epic couple of days! I was in town for the @nflonprime Black Friday game and managed to catch up with the great @marcvetri (btw @vetricucinaphl is the definition of ‘worth the detour’). Had a fantastic dinner with Marc at @myloup.phl and snuck in a bite at @fiorellaphilly, which reminded me of the original noodle bar at 163 location. The persimmon with ricotta dumplings is perfection. Philly, you’re a food paradise with incredible chefs. Also had a late night cheesesteak at max’s in Germantown where I also had fantastic service! Philly you might be the perfect city if I only felt the same way about your sports teams! ❤️ , Dave",0,human_instagram,116,664,food,no,no,no,no,no,en,no,,,2026-03-16,davidchang
69,"Throwback to 2018: my mom cooking, laughing, and turning Thanksgiving into an Ugly Delicious Season 2 spot. She burned the turkey every year with honey… and honestly, that was the best part. Here she is making her famous bindaeddeuk…i miss her. Hug your people today. Happy Thanksgiving.",0,human_instagram,47,287,food,no,no,yes,no,no,en,no,,,2026-03-16,davidchang
70,"What chef Daniel is doing at @sushi.sonagi is genuinely special. A true family operation. Parents on the fry, grill and soup stations in the back. Sister on service. Daniel channeling years of hard-earned experience from some of the world’s top kitchens. Sometimes you walk into a place that just has a pulse. That rare “they really give a shit” energy. I think I’m gonna take a page from Marie Kondo and start rating meals on one simple question: “Does it bring me intense joy?” Trying my best these days to stay away from all my usual hyperbole of “best… most delicious… next level.” Gardena for the win. Worth a detour…This place brings me intense joy. Ps. Shout out seji. IYKYK",0,human_instagram,120,681,food,no,no,yes,no,no,en,no,,,2026-03-16,davidchang
71,"One of my favorite restaurants in LA is @mealsbygenet. Eating here always reminds me of visiting Adam’s Morgan with my brothers and going from one Ethiopian spot to another. The flavors, the injera, the textures…they never stop amazing me. Chef Genet makes some of the most delicious food around.",0,human_instagram,49,296,food,no,no,yes,no,no,en,no,,,2026-03-16,davidchang
72,#ChaseSapphirePartner | we ate so much @infatuation_nyc ‘s @eeeeeatscon New York... @mreddiehuang and @justinpeachpeach joined me onstage for a live pod to announce the @davechangshow EEEEEATSCON awards. Also got to see the @momolongplay team in the @ChaseSapphire Reserve Experience where they were putting up some of our favorite dishes like the @majordomola Beef Short Rib Ssäm and a special @barkabawa Adobo Fried Chicken collab dish. Watch the pod up now on Spotify and Youtube.,0,human_instagram,74,483,food,no,no,yes,no,no,en,no,,,2026-03-16,davidchang
73,"#ChaseSapphirePartner | I sat down at @kabawa tonight for a special dinner. The evening, brought together Kabawa’s Chef Paul Carmichael and Chef Carlo Mirarchi of @robertaspizza and @thefoulwitch, consisted of a four-course feast that blended both chef’s distinct culinary perspectives. Kabawa has already come so far in the short six months since it’s opening — and this slew of collaborations presented by @chasesapphire Reserve with @ninacompton, @eatblanca, and @wyliedufresne, is a true representation of the spirit of Kabawa’s core ethos: to bring together friends and discover something new and delicious with every visit. 📸 @alexstaniloff",0,human_instagram,95,646,food,yes,yes,no,no,no,en,no,,,2026-03-16,davidchang
74,"Score big with @davidchang’s playbook of simple, flavor-packed recipes that are built to win — especially when paired with our non-alcoholic brews that go All In. All Game. 🍗🍺🏈 👉 Find the full recipes at the link in our bio.",0,human_instagram,40,224,food,yes,yes,no,no,no,en,no,,,2026-03-16,davidchang
75,"A beautiful, heavy, powerful episode of Key Change today with chef @davidchang talking about his relationship with the song “I See a Darkness” by Bonnie “Prince” Billy (@wignifier), as well as his relationship with his own mental health, and his relationship with the late @anthonybourdain. It’s out now on the Song Exploder podcast feed. - I was a little in my head after recording my interview with Dave so I forgot to take a photo with him when he was at the studio. Instead, here’s a photo from when @ciaosamin and I were guests on Dave’s podcast, @davidchangshow, earlier this summer.",0,human_instagram,101,589,general,no,no,no,no,no,en,no,,,2026-03-16,davidchang
76,"Back in the @dinnertimelive kitchen…knocking off some rust…cooking for two great guests, making food I’ve never made before, trying not to burn it, and somehow keeping time so we finish in 50 minutes live tv. What could possibly go wrong? Watch it live Tuesday 4pm PST and watch all of our past episodes only on @netflix",0,human_instagram,56,320,food,no,no,yes,no,no,en,no,,,2026-03-16,davidchang
77,"Had to get shoulder surgery—rotator cuff + torn bicep… injured during the semifinals of my fantasy football league. If I’ve been MIA or changed a meeting on you the next week or two, that’s why. Thankfully, I’ve got this magical little ball of liquid happiness (aka a nerve blocker) keeping me going. Huge thanks to Dr. Gamradt and the USC Keck orthopedic surgery team for putting me back together. I’ll be back in action soon—just as soon as I can lift a spoon again.",0,human_instagram,84,468,general,no,yes,yes,no,no,en,no,,,2026-03-16,davidchang
78,I would runaway when my mom cooked 청국장찌개 Cheonggukjang jigae. I just couldn’t handle the intense smell. Now I crave it and my kids runaway. The cycle is complete. #uglydelicious,0,human_instagram,30,177,food,no,no,no,no,no,en,no,,,2026-03-16,davidchang
79,"This was maximum pain and 💔. Just like when poor Ralph Wiggum poured his heart out to Lisa Simpson on national TV, only to get crushed—I felt exactly like poor Ralph. —————— An hour before going live on @nflonprime for the Black Friday game, I followed @rsherman25’s advice and added bacon to the Wedgebuster—the ultimate leftover Thanksgiving sandwich for the MVP of the game. We had allergy-friendly options prepped for players who weren’t fans of mayo or other ingredients…but who knew 🥓 would be the issue… or that snap to Aidan O’Connell or that sherm would sabotage me. Next time Chris jones! Shoutout to @fitzmagic14 for coming through in the clutch and being the backup wedgebuster eater. #raidernation",0,human_instagram,118,710,food,yes,yes,yes,no,no,en,no,,,2026-03-16,davidchang
80,I would like to petition UNESCO to add the ‘Honey Bun’ to its list of ‘Intangible Cultural Heritage of Humanity’. It’s something I grew up eating and I love it so much.,0,human_instagram,32,168,food,no,no,no,no,no,en,no,,,2026-03-16,davidchang
81,"Every day, I pack up this lunch box and send it off. We go through our routine, and it’s great. But you know what the best part of my day is? It’s those ten seconds when I open it at the end of the day, hoping it’s empty. Maybe one day, it’ll be all gone—no leftovers, no half-eaten snacks—just an empty box. I don’t know much, but I know I’m waiting for that day #lunchbox #chuckie",0,human_instagram,76,382,food,no,yes,no,no,no,en,no,,,2026-03-16,davidchang
82,Author Grace Seo Chang and renowned chef and TV personality David Chang share the inspiration for the picture book BIRTHDAY SOUP as well as a delicious recipe for miyeok guk!,0,human_instagram,30,174,food,no,no,no,no,no,en,no,,,2026-03-16,davidchang
83,Feeling so much better! Great to be back on my feet. 🙏. Thank you Dr Bae and his team for fixing me up!! @laspine_ I can’t recommend his expertise enough! @dinnertimelive back on tonight 4pm PST,0,human_instagram,36,194,food,yes,no,no,no,no,en,no,,,2026-03-16,davidchang
84,The ‘TimParmo” @dinnertimelive epsiode 6 with @billsimmons @bertkreischer on @netflix… I didn’t get to thank loudly enough the great chefs who helped out with all the food - 🙏 ❤️ - Mozzarella: @nancysilverton - Veal parm: @dantanasrestaurant - Chicken parm: @pizzeriabianco - tomato sauce 🥫: @biancodinapolitomatoes - Eggplant parm: @jonshook @animalvinny - Spicy Vodka Rigatoni: @mariocarbone (sorry I added way too much cream & butter!) - Hand rolled pasta for the shell and layers: @evanfunke (this really saved me from weed hell) - meatballs: @marcvetri (I’m sorry I didn’t give you a bigger shout out during the show…things got a little out of control.) they were delicious and I didnt know that Simmons was bringing his mom’s famous meatballs.,0,human_instagram,119,749,food,yes,no,yes,no,no,en,no,,,2026-03-16,davidchang
85,"Potato chips and eggs…one of my favorite combinations. Topped @lays potato chips with fried eggs, onion, caviar, fines herbs and vinegar spray. This one is kind of a riff on the Ko 🥚. I think @ikebarinholtz thought it was ok too. #dinnertimelive streaming now on @netflix",0,human_instagram,46,271,general,yes,no,yes,no,no,en,no,,,2026-03-16,davidchang
86,"The inaugural @nflonprime Black Friday game is in the books. Been working on this leftover sandwich for a few months…we finally got to unveil The Wedge Buster, presented to the mvps of game We worked on a special bread with @wholefoods head baker to be soft, yet sturdy enough to hold 16+ leftovers..have enough size so it doesn’t look small for an nfl player. Trying to incorporate flavors like jerk…which is one of @rsherman25 favorite foods and we got some boudin from @cochonbutchernola for @andrewwhitworth77…etc etc. had to put in some @momofukugoods hot honey too. The Wedge Buster is like a scrapbook of the TNF team. So happy that @cheetah & @cwilkins42 enjoyed the food 🙏",0,human_instagram,116,681,food,yes,no,yes,no,no,en,no,,,2026-03-16,davidchang
87,"I miss momma Chang…she’s the star of the first season of @uglydelicious. Here she was making her famous bin dae ttuk….Tomorrow at 7pm EST @netflix on their tik tok channel…is hosting a watch party of season 1 episode 3…the thanksgiving day episode. Come watch one of my favorite episodes. Link is in bio. ❤️, 👶👑",0,human_instagram,55,311,food,yes,no,yes,no,no,en,no,,,2026-03-16,davidchang
88,"Lil’ dizzy’s makes some of the best food in New Orleans. So good. Gumbo, oyster dressing on pork chops, fried chicken…everything is so good. Some of the most delicious white beans on rice I’ve ever had. @nflonprime @lildizzyscafe504 ❤️",0,human_instagram,39,235,food,no,no,yes,no,no,en,no,,,2026-03-16,davidchang
89,"Food and football – a perfect combination! 🏈 We are teaming up with award-winning chef and entrepreneur @davidchang for exclusive food-focused features, plus a new Black Friday Football culinary tradition!🧑‍🍳",0,human_instagram,30,208,food,yes,yes,no,no,no,en,no,,,2026-03-16,davidchang
90,Cooking beer can chicken…(second time) First time I tried to make it I crashed and burned it wasn’t pretty. Second time is looking a little better…still crashed but tasted great. The tiny chicken seasoned with @momofukugoods spicy salt and @athleticbrewing (cerveza athletica makes a great pan sauce),0,human_instagram,47,300,food,no,no,yes,no,no,en,no,,,2026-03-16,davidchang
91,"Sweet & spicy noodles out now…I like to serve this noodle cold with a fried egg, pickled vegetables and momofuku chili crunch. Also launching the @majordomomedia YouTube channel 🙏 check it out!",0,human_instagram,32,193,general,yes,no,yes,no,no,en,no,,,2026-03-16,davidchang
92,"Messing around in kitchen…a venn diagram of: roti canai, cinnamon bun, Austrian strudel, scallion pancake, 🇰🇷 hotteuk. Initially was trying to play around with roti canai…but ended up at Cinnabon at the food court in a South Korean shopping mall Stretching the dough hand like the roti canai masters is not in my realm of possibilities.",0,human_instagram,56,336,food,yes,no,yes,no,no,en,no,,,2026-03-16,davidchang
93,rock shrimp tempura with creamy spicy sauce…one of the best appetizers of all time. This is from the OG Matsuhisa but you know a dish is great when even the knock offs of the original are fantastic.,0,human_instagram,37,198,food,no,no,yes,no,no,en,no,,,2026-03-16,davidchang
94,This is one of the best ideas I’ve seen in a long time. The ice cream trompo by @evil_cooks….makes a delicious ice cream taco. They are gonna keep polishing this idea and keep being different! The trumpo is in its first design right now. I can see this idea in many places…horizontal ice cream scooping….genius . Plus the temp on the ice cream is where I love it…in the process of between melted and not,0,human_instagram,75,403,food,no,no,yes,no,no,en,no,,,2026-03-16,davidchang
95,Dongchimi guksu. A classic 🇰🇷 cold noodle soup. So good I had to have it two days in a row. That’s a lot of driving for a food detour. But so worth it. Korean food in the OC area is insanely good. My dad and mom would’ve loved eating here. Tastes like home. 🙏 SY!,0,human_instagram,55,263,food,yes,no,no,no,no,en,no,,,2026-03-16,davidchang
96,"I found out through @henrylouisgates that my dad opened a steak house with a prime rib cart…it was his first restaurant as an owner in Washington DC in the early 1970’s. Well before I was born. He never told me about any of this. Anyway cut to present day…I think the reason why I love the iconic musso’s and franks so much in LA, it makes me imagine as if I’m eating at Joe Chang’s first venture. Many of the items are the same at both restaurants. The only differences are the the prices and that i still wouldn’t like jellied consommé. Maybe one day I will bring Costin’s back to life. .85 cent martinis!!!! PS. If anyone knows anyone that ate at costin’s and remembers anything please let me know. I would love to discover more. 🙏",0,human_instagram,138,734,food,yes,no,yes,no,no,en,no,,,2026-03-16,davidchang
97,"Super simple, very tasty dish of momofuku soy & scallion noodles with our chili crunch crossed with a loose interpretation of a carbonara. Not sure what it is exactly…but it’s delicious.",0,human_instagram,31,186,food,no,no,yes,no,no,en,no,,,2026-03-16,davidchang
98,Chefs vs wild is out now on @hulu and I still can’t believe it. Seems like just yesterday @chrisyingz and I were talking about this idea during a late night @majordomomedia brainstorm.. Excited for you to watch 🙏🏼 #chefsvswild,0,human_instagram,39,226,general,yes,no,no,no,no,en,no,,,2026-03-16,davidchang
99,"dinner: grilled marinated beef short ribs, pork belly seasoned with momofuku savory salt, jap chae, rice, jol myun, kimchi grilled in pork fat, assorted banchan with ssäm. The original animal style. ✂️",0,human_instagram,32,201,general,no,no,no,no,no,en,no,,,2026-03-16,davidchang
100,Crazy our @momofukugoods noodles and chili crunch are now at @wholefoods nationwide…Been working on these products for so long - it’s amazing to see them in on the shelves everywhere. Tag me and @momofukugoods when you spot them 🙏,0,human_instagram,39,230,food,yes,no,yes,no,no,en,no,,,2026-03-16,davidchang
101,Gotta say this is one of my proudest moments as a father…Hugo practicing his version of civil disobedience so he could go home early. Smart kid. Happy Father’s Day to all the dads out there.,0,human_instagram,35,190,general,no,no,yes,no,no,en,no,,,2026-03-16,davidchang
102,Still not pro homemade pizza …but I made this thing with leftover @momofukugoods chili crunch pork ragu and pizza dough I found in the fridge. Good things happen when you cook without a safety net. Watch the full video at the link in my bio.,0,human_instagram,45,241,food,no,no,yes,no,no,en,no,,,2026-03-16,davidchang
103,"Fried rice is the best breakfast…probably make this for breakfast more than anything else. Whatever is leftover in the fridge goes in - also used @momofukugoods soy, savory, and chili crunch. Watch the full video at the link in my bio.",0,human_instagram,41,235,general,no,no,yes,no,no,en,no,,,2026-03-16,davidchang
104,Here is my attempt to recreate my mom’s famous 빈대떡 (bin dae duk). It’s not right…too thick and ratios are off. My mom never gave me any recipes. I know she left out ingredients or changed the order in a recipe all the time. Every time I try to make her food and it comes out worse than hers…I’ll remember my mom ❤️,0,human_instagram,63,314,food,no,no,yes,no,no,en,no,,,2026-03-16,davidchang
105,"My mom passed away peacefully after a 26 year battle with cancer. She so appreciated everyone’s support in her fight with cancer. She is survived by her four children and six grandkids. Our relationship with her will continue to grow. We will carry on her love, strength and kindness. I will miss her so much.",0,human_instagram,55,309,general,no,no,no,no,no,en,no,,,2026-03-16,davidchang
106,I have no idea what I made but it’s delicious: Beef chuck Coconut milk Chipotle peppers Chicken powder Momofuku rice wine vinegar Chickpeas Momofuku chili crunch Cumin Ginger Garlic ancho chili Scallions Momofuku savory salt Potato,0,human_instagram,36,231,food,no,no,no,no,no,en,no,,,2026-03-16,davidchang
107,From the boiled chicken a couple weeks ago where I made chicken rice. Defrosted rest of the broth with the chicken breast in my @cookanyday Added some chicken powder to add some chicken power. Cooked mein and veg from Alhambra farmers market directly in broth. Serve w @momolongplay chili crunch. Fast tasty lunch.,0,human_instagram,53,314,food,no,no,no,no,no,en,no,,,2026-03-16,davidchang
108,My old friend and great chef @damonwise1 sent me this excellent smoked ham for xmas from new restaurant @pineappleexpressbarbecue. The best present as I didn’t have to really cook yesterday.,0,human_instagram,30,190,food,no,no,no,no,no,en,no,,,2026-03-16,davidchang
109,Semi-home made …I’ve come full circle. Not a bad hack I gotta say. Think we are gonna do a deep dive into Trader Joe’s on the podcast soon. Can anyone guess what I used??The only thing I added was some oyster sauce and @momolongplay tamari,0,human_instagram,45,239,general,no,no,yes,no,no,en,no,,,2026-03-16,davidchang
110,Boiling your 🐓 allows you to make this…. 1) Chicken rice with ginger scallion @momolongplay chili crunch (white meat…only way white meat tastes good) 2) chicken soup with sujebi (hand torn noodles) Much more versatile than roasting a bird. Learn about how to do it in “cooking at home” preorder now 🎵: meters,0,human_instagram,53,308,food,yes,no,yes,no,no,en,no,,,2026-03-16,davidchang
111,"Hotel pan roast chicken thighs with potatoes, carrots and zucchini. Seasoned with @momolongplay savory salt and frozen thyme shake. Home kitchens need to get some hotel pans. Another recipe from “cooking at home” preorder now 🙏🏼 cc: @hestanhome",0,human_instagram,38,244,food,yes,no,no,no,no,en,no,,,2026-03-16,davidchang
112,Ever since @kayflyfishinglodge gave me the recipe I make this about once a month….do you guys know what it is?? We discuss it in the upcoming book “cooking at home” preorder now. 🙏🏼,0,human_instagram,33,181,food,yes,no,yes,no,no,en,no,,,2026-03-16,davidchang
113,"Watch me on @JimmyKimmelLive TONIGHT! We talk about the show coming out on @hulu “The Next Thing You Eat”, the new cookbook coming out “Cooking at Home” and @thecousinsal @ABC #Kimmel @JimmyKimmel",0,human_instagram,32,196,food,no,no,no,no,no,en,no,,,2026-03-16,davidchang
114,Can it be called tonkatsu if I used Italian bread crumbs? Made a couple substitututions….iceberg for cabbage and pickled ginger for lemons. We don’t really cover too much about frying in the upcoming cookbook (preorder 🙏🏼). But we go deep into the idea of making substitution,0,human_instagram,46,275,food,yes,no,yes,no,no,en,no,,,2026-03-16,davidchang
115,Rich Crab in LA’s koreatown is so good…what a great name for a restaurant….got some takeaway ganjang & yangnyum gejajang 간장게장 & 양념게장. The whole stretch of restaurants and groceries shops on w 3rd and surrounding Little Bangladesh area are just fantastic. Lots of great gems that need attention,0,human_instagram,49,293,food,no,no,yes,no,no,en,no,,,2026-03-16,davidchang
116,"Overrated: falling off the bone, unless you have dentures Pork ribs cooked with some @momolongplay spicy salt and agave. That’s it. 350 degrees covered for like 90 min. Then roasted at high temp like 450 for 45 min without cover. We discuss meat cooking at length in “cooking at home”. Link in bio.",0,human_instagram,53,298,food,no,no,no,no,no,en,no,,,2026-03-16,davidchang
117,Got a glimpse of what the future holds for food while filming our new show The Next Thing You Eat. See what we learned when the docuseries premieres on October 21 on @Hulu. @majordomomedia @tremolodocs,0,human_instagram,35,201,food,no,no,no,no,no,en,no,,,2026-03-16,davidchang
118,This is one of the very best salad dressings you can in your repertoire. I swear by it. Extremely easy to make. We talk about salad dressings maneuvers in the upcoming book. Link in bio.,0,human_instagram,35,186,general,no,no,no,no,no,en,no,,,2026-03-16,davidchang
119,"Grace wanted spaghetti & meatballs…for sauce I just used a couple cans of @pizzeriabianco tomatoes. I didn’t have proper breadcrumbs so I just used some panko, and I added some fish sauce. We talk a lot about meatballs and all the different ways you can make them in the upcoming book. Link in bio",0,human_instagram,54,297,food,no,no,yes,no,no,en,no,,,2026-03-16,davidchang
120,lots of different ways I could've taken this dish after I boiled it...but decided to take the first part of the dish to something similar we serve at majordomo in LA. I will save the dark meat and soup...maybe for dinner or freeze for later date. Boiled chicken is maybe the best way to cook chicken....thats not a hot take...its the truth. We talk about this idea and this dish extensively in the cookbook...link in bio,0,human_instagram,76,420,food,no,no,yes,no,no,en,no,,,2026-03-16,davidchang
121,"Prepping your meals and batch cooking ahead of time really does make healthy eating easier, and way less stressful. It’s my NUMBER ONE tip for anyone that wants to eat healthier 🙌 My first “Prep Like A Boss” ebook was downloaded over 200,000+ times, so I thought it was time for a new edition ☺️ 👉 Comment the word “PREP” below and I’ll send you my brand new Batch-cooking Recipes ebook 100% FREE 💙 It’s full of 15 banging meals you can prep ahead 🥘 Please tag any friends that might enjoy it too.",0,human_instagram,94,497,food,yes,no,no,no,no,en,no,,,2026-03-16,thebodycoach
122,Dusty got involved with his first proper recipe today. We made this beautiful lentil and chickpea curry 😍👌🏽 I love getting the kids cooking as young as possible. Really helps them become curious about food and more adventurous with their eating 🍽️ How did he do? 😊,0,human_instagram,47,264,food,yes,no,no,no,no,en,no,,,2026-03-16,thebodycoach
123,PE KITS AT THE READY (AND NO EXCUSES OR NOTES 😉) We’re so VERY excited to announce that we’ll be kicking off Friday morning on the 🏰 Stage with a Wake up and Workout with the one and only @thebodycoach JOE WICKS! ✨💥💪🏻 We can’t wait to see you Joe 👏🏻✨🏋️🫶 #CampBestivalxDebenhams,0,human_instagram,52,277,general,yes,no,no,no,no,en,no,,,2026-03-16,thebodycoach
124,"One of the simplest ways to stay fit and active as family is getting outside for a little walk, run, walk aka Jeffin it 😀 They didn’t all want to do it to begin with but everyone felt much happier and more energised at the end. We were only out for 15 minutes and that’s all it takes sometimes. Fresh air and nature always lifts our mood ❤️🙌🏽",0,human_instagram,68,342,nature,yes,no,no,no,no,en,no,,,2026-03-16,thebodycoach
125,"You’re going to love this quick and simple homemade prawn curry ☺️ Do you want me to share more quick, healthy recipes in 2026? 🙌 Don’t forget to Save this recipe for next week 👌",0,human_instagram,35,178,food,yes,no,no,no,no,en,no,,,2026-03-16,thebodycoach
126,Incredible recipe alert 🚨 One of my absolute favourite recipes of all time. This one really does taste so delicious and it’s super easy to make. The satay sauce is absolute insane 🥜,0,human_instagram,33,181,food,yes,no,no,no,no,en,no,,,2026-03-16,thebodycoach
127,My good friend @thebodycoach stopped by HQ to discuss all things Great School Food Awards (he's one of the judges again this year with his very own brilliant category!!!) so we thought we'd give put him on the spot with some foodie questions HA !! x x Remember we've got 6 different award categories including Joe's Eat Well Move Well Award …. so come on hit the link in my bio to tell me about your food heros in your local schools!! These 2026 awards are supported by our amazing partner Wonde x AD,0,human_instagram,94,500,food,no,no,yes,no,no,en,no,,,2026-03-16,thebodycoach
128,"OMG 🤯 This is still one of most popular recipes EVER on Instagram 🙌 And it’s one the most banging recipes you’ll ever make 😱 Have you tried this honey ginger chicken stir fry yet? 😍 HOW TO MAKE IT: Coat the chicken in corn flour. The sauce is garlic, ginger, honey, soy sauce, sesame oil, ketchup and sesame seeds 👌 Tag someone who’d like to try this one 😍",0,human_instagram,70,356,food,yes,no,no,no,no,en,no,,,2026-03-16,thebodycoach
129,I’m going to cherish this photo forever 💙 My nan is a massive Elvis fan and I took her this week to see the new Elvis film 🕺🏼 These moments together are so precious. Ps. The film is absolutely incredible! I’ve had Elvis on repeat since I saw it 🎼🎤 ⭐️⭐️⭐️⭐️⭐️,0,human_instagram,51,258,food,yes,no,no,no,no,en,no,,,2026-03-16,thebodycoach
130,"'My confidence was knocked a lot.' Joe Wicks sparked a national debate on ultra-processed food with his Channel 4 documentary, in which he created his own protein bar to expose how UK labelling laws allow highly processed products to be marketed as healthy. He joins Professor Chris van Tulleken to discuss new warnings from the British Medical Association that two-thirds of the food children eat each day is ultra-processed.",0,human_instagram,69,426,food,no,no,no,no,no,en,no,,,2026-03-16,thebodycoach
131,"OMG 🙌 This prawn and chorizo stir fry is one of my favourite recipes ever 👌 Quick. Easy. Super tasty. Would you have a bang on this one? INGREDIENTS: 35g wholewheat noodles 1/2 tsp coconut oil 50g chorizo, sliced 100g raw king prawns, deveined 1/2 red onion, peeled and sliced 1/2 green pepper, deseeded and sliced 1 medium courgette, sliced 1 red chilli, finely chopped 3 spring onions, sliced 1 tbsp sriracha chilli sauce Salt and pepper 1 small bunch coriander, chopped",0,human_instagram,82,472,food,yes,no,no,no,no,en,no,,,2026-03-16,thebodycoach
132,Are you ready to join me on a 7-Day Sugar Free Challenge? ☺️ Starting next Monday I’m challenging myself to go sugar-free for a week 🙏 Comment “Sugar” in the comments below to join me and get a copy of my FREE 7-Day Sugar-Free Challenge Guide 🙌 Don’t forget to tag your friends who might want to join us.,0,human_instagram,59,304,general,yes,no,no,no,no,en,no,,,2026-03-16,thebodycoach
133,"Try these banging Cauliflower cheese & chorizo muffins for the win 😍 Great for breakfast, lunch or a snack on the go 🙌 Do you want more meal prep recipe ideas?",0,human_instagram,31,159,food,yes,no,no,no,no,en,no,,,2026-03-16,thebodycoach
134,Chicken satay wraps 😍 A super simple recipe from my app. Sign up tonight before midnight to save £20. Offer ends tonight 🧑‍🍳🥳 Get your own personalised fat loss meal plan 💪🏽,0,human_instagram,32,173,food,yes,no,no,no,no,en,no,,,2026-03-16,thebodycoach
135,"My app is not a short term fix. It’s a long term lifestyle change. Nikki @nikkiwdtl is on her 4th year using the Body Coach App and she is still smashing it 🙌 Keep on winning, Nikki you legend. What Nikki said: “Here’s my accountability post 🫣🥹🙈 its my 4th year on the body coach app, I regret nothing at all, not a single thing. I’m at a point now where I want to use the app for strength whereas I was using it for weight loss with a little strength thrown in. It’s taken me this long to be able to do 6 push ups from the knees but I tell you what, the form is on point and I am SO proud of myself!!!” 💙 👉 Get your plan today and get £20 OFF you annual subscription (offer ends this weekend) 🙌",0,human_instagram,144,695,general,yes,no,no,no,no,en,no,,,2026-03-16,thebodycoach
136,“I feel happier. I feel stronger. It’s much easier than you think” 🙌 Please can we all drop Camille @camfi1819 a massive high five and congratulate her on her incredible journey on my app 💙💪 You have absolutely smashed it Camille and this is so inspiring ☺️ The January offer on my app ends this weekend. Start your own journey today and get £20 OFF your one year subscription 🙌,0,human_instagram,70,378,travel,yes,no,no,no,no,en,no,,,2026-03-16,thebodycoach
137,"OMG!!! This is easily the tastiest salmon recipe l’ve ever made 😍 It’s honey, ginger salmon with veggie rice. So simple and tastes unbelievable ☺️ INGREDIENTS: Salmon fillets Rice Frozen peas Spring onions MARINADE: Soy sauce Ginger Garlic Rice wine vinegar Honey 🙌 If you like my recipes please share and tag a friend in the comments below 😍",0,human_instagram,59,342,food,yes,no,no,no,no,en,no,,,2026-03-16,thebodycoach
138,🍜 Easy Chicken noodle ramen. Such a simple but delicious recipe. I made this for my lunch today and packed some in the kids thermos flask for forest school. A really good option to have on the go 😍 Would you make this at home?,0,human_instagram,45,226,nature,yes,no,no,no,no,en,no,,,2026-03-16,thebodycoach
139,What an incredible journey 🙌 Vijay you’re an absolutely legend @vj_fitt 🙌 I’ve loved following your journey and thank you for sharing your inspiring story 💙 Keep on smashing it 🙌,0,human_instagram,31,178,travel,yes,no,no,no,no,en,no,,,2026-03-16,thebodycoach
140,"Chicken, leek and butterbean pies 🥧😍 These little mini puff pastry pies came out so well. All the kids got involved with this one. I try to teach each kid 1 new recipe a week. It’s one of the most important life skills I can give to them. Would you like me to share more content around teaching little ones to cook with you? 🧑‍🍳",0,human_instagram,65,328,food,yes,no,no,no,no,en,no,,,2026-03-16,thebodycoach
141,Oh wow!!! These cheesy spicy chilli & paprika fried eggs tasted absolutely incredible 😍 Without doubt the tastiest fried eggs l’ve ever made 🙌 Would you try these yourself? 💪,0,human_instagram,30,174,general,yes,no,no,no,no,en,no,,,2026-03-16,thebodycoach
142,"Are you ready to run your very first mile with me? 🙌 Have you ever wanted to start running but didn’t know where to begin? ☺️ Would you like a FREE training plan to run-walk your very first mile - slow and steady? 🙌 I know starting can feel scary, especially if you’ve never run before or you think it’s “not for you.” That’s why I’ve created this simple four-week guide to help you run-walk your very first mile. Comment “Run” below and I’ll send you a free training plan 💙",0,human_instagram,91,474,food,yes,no,no,no,no,en,no,,,2026-03-16,thebodycoach
143,My favourite morning mobility routine 🙌🏽 If you struggle with stiff joints or muscles this can really help get things moving better ❤️☺️ Hope you feel better soon. Have a great day everyone and follow along for more routes 😊,0,human_instagram,40,224,food,yes,no,no,no,no,en,no,,,2026-03-16,thebodycoach
144,Happy Mother’s Day to the best mammas I know @alexandra_stronglife ❤️ my mum and my two nan’s up in the sky 🪽 hope everyone showed up today for their mums whether here in person or in spirit. I appreciate the mums in my life more than anything 🙏 #mothersday #mum #nan Big love The beast™️,0,human_instagram,55,288,nature,yes,no,no,no,no,en,no,,,2026-03-16,eddiehallwsm
145,"THINGS GOT HEATED 👀 Many people thought @eddiehallwsm and I were acting during our arm wrestling match... There was no acting at all. This is what happens when two highly competitive athletes go head-to-head. When the match starts, friendship takes a back seat to winning. BE GREAT! #shawstrength #begreat #armwrestling",0,human_instagram,50,319,food,yes,no,yes,no,no,en,no,,,2026-03-16,eddiehallwsm
146,🗣️ “I think that’s the worst piece of advice I’ve ever been given in my f**king life” Eddie Hall says the WORST and BEST pieces of advice he’s ever been given... 😂💰,0,human_instagram,32,164,general,yes,no,yes,no,no,en,no,,,2026-03-16,eddiehallwsm
147,"Don’t miss it 👇 The Duelbits Chinese New Year raffle goes live Tuesday, 3rd at midday UTC. Hosted by the one and only @elsa.thora Be there 💪 Big Love The Beast™️",0,human_instagram,31,161,general,yes,no,no,no,no,en,no,,,2026-03-16,eddiehallwsm
148,Happy Birthday & also happy Chinese new year to @shawstrength just look at his amazing cake of his best friend in a sexy outfit 🥰 Have a great day brother and enjoy your cake 😊 #birthday #birthdaycake #strongman #gym #happynewyear Big Love The Beast™️,0,human_instagram,44,251,food,yes,no,no,no,no,en,no,,,2026-03-16,eddiehallwsm
149,I know so many of you don’t believe me … in fact I know so many of you love to joke about my pov on this … but the second you realize it’s TRUE is the second your world and life start to actually move in the right direction. Whether you believe me today or you end up realizing how right I was in 50 years … it won’t matter until you start acting on the truth of it 🩷🩷🩷🩷🩷 I love you all - if you’re ready to finally attack your life without fear DM me now “age aint shit” PS : Go to the follow or following button in my profile and hit the ⭐️ to add to favorites #age #advice #inspiration #garyvee,0,human_instagram,125,597,general,yes,no,yes,no,no,en,no,,,2026-03-16,garyvee
150,"I’m sooooooooo tired of the clouds ☁️ and the rain 🌧️ … my friends …. 99% of you who see this are wonderful and great people .. please start loving yourself ❤️ start appreciating yourself ❤️ start understanding that for many Reasons too many of you put yourselves down and beat yourselves up … STOP 🛑 THAT SHIT … I am telling you, you’re great… now believe it yourself - stop comparing, stop worrying about outside noise and judgment - start slowing down and focusing on what actually matters ❤️❤️❤️❤️🔑 SHARE THIS WITH SOMEONE YOU LOVE 💕 PS: Hit the follow or following button in my profile and hit the ⭐️ to add to favorites #loveyourself #mindset #garyvee",0,human_instagram,118,657,food,yes,no,yes,no,no,en,no,,,2026-03-16,garyvee
151,Sometimes silly shit goes way deeper than people realize .. I will forever be grateful for the parents I had and will always want to create narratives and realties that can be used by others as a framework for their own happiness and success ♥️,0,human_instagram,45,244,food,no,no,no,no,no,en,no,,,2026-03-16,garyvee
152,Remember these 2 things this Sunday morning ☀️ and your life will change …we are 74 days into 2026 and May of you haven’t made the changes you promised yourself you would on Jan 1 … a lot of that has to do with lack of accountability and entitlement and what you listen to and from whom … these 2 posts address that .. please use ty is post as the wake up call ❤️❤️❤️❤️❤️❤️ #garyvee #accountability #surroundyourselfwithgoodpeople,0,human_instagram,78,430,general,no,no,yes,no,no,en,no,,,2026-03-16,garyvee
153,"Good grades in school make sense for many of a certain personality type .. this post is fo the parents who are like that but have children who are more creative or entrepreneurial and have a different path in store for them … this is to let them know that my mother parenting me so well through my poor grades .. I couldn’t find the passion, I couldn’t conform to the system .. I needed my creativity, my human interactions that at the time were disruptive & most of all I need those hours in classrooms and after school to hone my entrepreneurial skills .. there are many ways to be successful.. but being you .. even when there is short term pain and misunderstanding is always the best path ! #garyvee #entrepreneurship #creativity",0,human_instagram,134,734,food,no,no,yes,no,no,en,no,,,2026-03-16,garyvee
154,New 📱 📲 📱 📱 📲 wallpapers ☎️ - which of these quotes hits 🎯 so hard for you that you just screen saved it and made it your wallpaper?? Like 💚 the one that most hits for you and pls comment below with which # became your screensaver and if you actually did it 🔑🔑🔑🔑❤️ #garyvee #wallpaper,0,human_instagram,58,284,general,yes,no,no,no,no,en,no,,,2026-03-16,garyvee
155,67.3% of the people seeing this have a Lack of patience issue and once they slow down .. and realize they are trying to go fat’s to impress others versus themselves … things will start to click ❤️ hope this helps tonight 🌙 #patience #mindset #garyvee,0,human_instagram,46,250,general,yes,no,yes,no,no,en,no,,,2026-03-16,garyvee
156,Don’t feel bad for you when they come with the negative content … have compassion and empathy for them… they’re the ones coming to your content and trying to share their “hurt” by hurting you …. PS: Hit the follow or following button in my profile and hit the ⭐️ to add to favorites #garyvee #empathy #positivity,0,human_instagram,57,312,general,no,no,yes,no,no,en,no,,,2026-03-16,garyvee
157,I disagree with a lot of old school POV’s … who’s with me ???? Leave the emoji in the chat lol PS : Go to the follow or following button in my profile and hit the ⭐️ to add to #perspective #mindset #garyvee,0,human_instagram,43,206,general,no,no,yes,no,no,en,no,,,2026-03-16,garyvee
158,Calling out “fear” this Wednesday morning ☀️ it’s insane to me how much people weaponize rhis human trait for their own good and how many people’s nervous systems are conditioned to find it and see it out and allow it to control them .. makes sense as animals we were built that way .. but in today’s society it’s become a really unfortunate reality and it’s the jail cells of uHaines for many …. Please let his post be a wake up call that it’s time to fight against this energy and seek our optimism and joy and hope and love and light ❤️❤️❤️❤️❤️☀️☀️☀️☀️☀️ PS: Hit the follow or following button in my profile and hit the ⭐️ to add to favorites #garyvee #fear #mindset,0,human_instagram,125,669,general,no,no,yes,no,no,en,no,,,2026-03-16,garyvee
159,"Happy Women’s Day to the girls that run my world. My team. So grateful for your contribution and hard work every single day. I could not do this without you all. Also @rohiniyer, Tess and so many other incredible women, that surround me, I’m grateful for you every day. “A girl should be two things: who and what she wants.” — Coco Chanel Happy Women’s Day to all the incredible women out there who work so hard to balance their lives. It doesn’t go unseen. ❤️🙏🏽🥰 PS: in order of appearance in my life.",0,human_instagram,94,502,general,yes,yes,no,no,no,en,no,,,2026-03-16,priyankachopra
160,"#PriyankaChopra was back on the front row this afternoon at #ParisFashionWeek, inside @Jonathan.Anderson’s @Dior greenhouse in the Jardin des Tuileries. “No one expected how hot it would be in there,” she says, with a laugh. “The choice of sweater might have been wrong.” At the link in bio, she chats to #BritishVogue about the #MetGala, her earliest memories of the French house, and what she always makes time for on a short trip to Paris. Photographed by Tom Newton.",0,human_instagram,79,470,food,no,no,no,no,no,en,no,,,2026-03-16,priyankachopra
161,"Happy Lunar New Year! 🔥🐴 Today symbolizes reunion, prosperity, and new hopes for the future. As a Vietnamese American, I’ve been celebrating this holiday my entire life and it’s a special time to be around family and to keep cultural traditions alive. After getting back from a trip to Vietnam with my family, I have a newfound appreciation for my heritage. Some of the most striking things I noticed on my trip were how hardworking the Vietnamese people are, how much they value the importance of family, and the way they pass on traditions to the next generation. Today, I’ll be celebrating with my family at home and I’m excited to start the new year with an open mind and positive outlook. May the Year of the Fire Horse bring joy and new opportunities to us all! @lexarmemory #LexarMemory #LunarNewYear #tet #yearofthehorse #yearofthefirehorse",0,human_instagram,143,848,travel,yes,no,no,no,no,en,no,,,2026-03-16,tiffpenguin
162,"As a photographer, there’s three things I’ll never get tired of chasing: 1. Good light ☀️ 2. Epic landscapes 🌄 3. A sense of scale 🐜 #photography #goldenhour #pointreyes #frenchpolynesia #norway",0,human_instagram,31,194,general,yes,no,no,no,no,en,no,,,2026-03-16,tiffpenguin
163,"As a travel photographer, I travel far and wide to find new sources of inspiration, but sometimes the best sources of inspiration are sitting right there in front of you. The @GMC Sierra EV takes me wherever I need to go in my hometown of Los Angeles. Whether I’m exploring new spots to photograph or on the hunt for the best tacos, this truck is up to the task with its smooth ride and striking exterior design. The #GMCSierraEV fits right into my daily routine so I can focus on capturing epic moments and continuing to do what I love most. #GMCAmbassador #GMC #truck #losangeles california",0,human_instagram,106,592,travel,no,no,no,no,no,en,no,,,2026-03-16,tiffpenguin
164,AI will never be a replacement for the incredible moments I’ve been able to experience in this life. There are those moments in life you just know you’ll always remember. Seeing the northern lights dancing across the night sky will be a core memory that will forever live rent free in my mind. What’s a moment in your life that you’ll never forget? #northernlights #auroras #canada #thisisnotai #bucketlist,0,human_instagram,68,406,nature,no,no,no,no,no,en,no,,,2026-03-16,tiffpenguin
165,"I don’t care what anyone says, this will always be one of my favorite cities in the US. If I could live in any other city besides Los Angeles, it would definitely be San Francisco. Every time I visit this charming city, I’m already thinking of planning another trip. With endless views of the Golden Gate Bridge, a never ending list of new places to eat, and plenty of places for my pup to roam, what’s not to love? 🌁 #sanfrancisco #bayarea #goldengatebridge #sf #norcal",0,human_instagram,85,470,food,yes,no,no,no,no,en,no,,,2026-03-16,tiffpenguin
166,"Believing that making a jacket that’s marginally less bad for the environment is a mechanism to stop global warming is akin to believing that the solution to alcoholism is drinking light beer. I wrote about my time lurking in Ventura and working Patagonia and how and why I reached this conclusion on my substack, link in bio.",0,human_instagram,57,326,general,no,no,no,no,no,en,no,,,2026-03-16,fosterhunting
167,"Over three years in the making, the short film that @moviemountain made for @rivianofficial is finally out. Out of all the commercial work I’ve worked on, this is my favorite one, by far. The sets were massive, the truck was over 3 feet long. I’ll post later this week about the process but here’s the film in its entirety. Thanks to @3rd_larry for thinking that Gear Guard could come to life via miniatures and stop motion.",0,human_instagram,76,424,nature,no,no,no,no,no,en,no,,,2026-03-16,fosterhunting
168,"Some talking point ideas for family dinners, down time and post meal walks this holiday season, courtesy of the PROFESSOR @moviemountain. In order of appearance, Terrence McKenna, “Hot” Carl Sagan and Neil Tyson.",0,human_instagram,33,212,nature,no,no,no,no,no,en,no,,,2026-03-16,fosterhunting
169,"my first Valentino show was this haute couture show 🪽 @hautecoutureweek im so grateful and honoured I got to see this in person.. I’ve never had an experience like this at a show before, peaking through little windows to see such beautiful pieces - can you believe this is all handmade (stitching inspo lol I wish!!) wow I’ll be dreaming of this day forever thankyou so much 🥹💞💕",0,human_instagram,68,378,general,yes,no,no,no,no,en,no,,,2026-03-16,jihoon
170,22.2.22 happy birthday to the most handsome dog oskar -I always grew up wanting a dog.. when I got older and experienced losses I was scared when my family got a dog that I have another being in my life I have to be scared of losing one day. This might sound weird but I felt like I had no more emotional capability to welcome someone/thing into my life where I know our time is limited.. but now I’m so happy we have him. I miss him so much even though I never even grew up with him. He’s a part of our family and he’s brought and brings so much joy into our lives and im so endlessly grateful for little Oskar,0,human_instagram,123,611,general,no,no,no,no,no,en,no,,,2026-03-16,jihoon
171,"@ninaskalikova and I connected over Instagram last year… then I get a text “Hey Rida, I love your profile, I’m coming to Bangalore, I’m a photographer…want to do a shoot together?” And of course I said YES. When we finally met…she was one of the most gorgeous women I’ve ever laid my eyes on. Kind, sweet, warm… we spent the day walking around, clicking pictures, and now I finally have them. I love these shots because it’s how she sees me through her lens. We’ve stayed connected ever since, and I can’t wait for her to come back to India… or for me to land up where she is next. . Saree : @tehho.in Blouse : @suta_bombay",0,human_instagram,117,623,general,no,no,yes,no,no,en,no,,,2026-03-16,rida.tharanaa
172,“They said why are you crying about your colour? Have you not seen how you glow under the sun? It feels like you’re her fav child” and that changed how I saw myself 💕 . Too: @pullandbear Necklace: @stylewithbliss Bottom: @hm,0,human_instagram,41,224,general,yes,no,no,no,no,en,no,,,2026-03-16,rida.tharanaa
173,"#AD Cushion foundation might just be my new favourite thing for makeup. It’s light, quick, and gives my skin that natural finish. And setting it with the L’Oréal Paris Infallible Setting Mist, it honestly becomes a holy grail combo. Lightweight base, locked-in makeup, and my face survives the heat without melting away. this duo is all you need right now! @lorealparis #InfallibleCushionFoundationIndia #CushionFoundation #InfallibleSettingMist #LorealParisIndia",0,human_instagram,65,463,food,no,no,no,no,no,en,no,,,2026-03-16,rida.tharanaa
174,"I may not ask for help, but I’II always remember who checked on me ❣️ Kurti : @bootique.in Pants : Japan Bag and shoes : @charleskeithofficial Earrings: gifted by @tanyakhanijow Camera : @canoncameras.in G7X MarkIII",0,human_instagram,35,215,general,no,no,no,no,no,en,no,,,2026-03-16,rida.tharanaa
175,"Staying on the move has always been a big part of my independence. Being able to go where I want, when I want, without having to depend on anyone else is a freedom I never take for granted. And that’s why I love having options like @uber_india . Whether it’s getting to work, meeting friends, or heading out for something spontaneous, it just makes moving around so much easier. This Women’s Day, here’s to celebrating independence in every form and to platforms that help women stay on the move. Because when women move forward, the world moves with them. 💛",0,human_instagram,100,558,general,yes,no,no,no,no,en,no,,,2026-03-16,rida.tharanaa
